<?xml version='1.0' encoding='UTF-8' ?>
<timeLogEntries>
  <time id="1" path="/Process Dashboard/ChangeCounter/Ciclo1/Launch/INFOForm" start="@1395174277000" delta="10" />
  <time id="3" path="/Process Dashboard/ChangeCounter/Ciclo1/Strategy/Configuration plan" start="@1396124704000" delta="60" />
  <time id="5" path="/Process Dashboard/ChangeCounter/Ciclo1/Planning/Personal TASK" start="@1398803233000" delta="60" />
  <time id="7" path="/Process Dashboard/ChangeCounter/Ciclo1/Planning/Personal SCHEDULE" start="@1398803242000" delta="20" />
  <time id="9" path="/Process Dashboard/ChangeCounter/Ciclo1/Every Week/weekly meeting" start="@1395606622000" delta="60" />
  <time id="10" path="/Process Dashboard/ChangeCounter/Ciclo1/Every Week/weekly meeting" start="@1398717031000" delta="90" />
  <time id="11" path="/Process Dashboard/ChangeCounter/Ciclo1/Documentation/OutLine" start="@1396125298000" delta="420" comment="Se crearon los distintos menuales de usuo de dashboard, git y github" />
  <time id="13" path="/Process Dashboard/ChangeCounter/Ciclo1/Reqts/SRS" start="@1396384563000" delta="20" />
  <time id="15" path="/Process Dashboard/ChangeCounter/Ciclo1/Design/SDS Baseline" start="@1396384588000" delta="40" />
</timeLogEntries>
