<?xml version="1.0" encoding="UTF-8"?><changeHistory><change uid="ht77chwb-44te" user="Various individuals"/><change uid="ht77ess4-uxp6" user="Carlos Felipe Roa"/><change uid="ht77u8iu-ill9" user="Carlos Felipe Roa"/><change uid="ht7aw61y-s86g" user="Carlos Felipe Roa"/><change uid="ht7lh8w6-r09v" user="Carlos Felipe Roa"/><change uid="ht88649h-k7h5" user="Carlos Felipe Roa"/><change uid="ht88g1mv-saxe" user="Carlos Felipe Roa"/><change uid="ht892f7v-a3ba" user="Carlos Felipe Roa"/><change uid="ht892qf2-ccat" user="Carlos Felipe Roa"/><change uid="ht8a20nr-14d5" user="Carlos Felipe Roa"/><change uid="ht91rg6p-6cii" user="Carlos Felipe Roa"/><change uid="ht92np1m-v53t" user="Carlos Felipe Roa"/><change uid="ht99yhky-4gmg" user="Carlos Felipe Roa"/><change uid="htcayqfv-467z" user="Carlos Felipe Roa"/><change uid="htdfq2l1-cnlz" user="Carlos Felipe Roa"/><change uid="htdhoxd0-ku7f" user="Carlos Felipe Roa"/><change uid="htdhxr80-cfpz" user="Carlos Felipe Roa"/><change uid="htdjkyzt-n4d1" user="Carlos Felipe Roa"/><change uid="htdkbtgl-h387" user="Carlos Felipe Roa"/><change uid="htdlh3pz-a8tt" user="Carlos Felipe Roa"/><change uid="htdr0qdp-f21z" user="Various individuals"/><change uid="htdr15l5-mj9n" user="Carlos Felipe Roa"/><change uid="htdrwajt-w2ck" user="Carlos Felipe Roa"/><change uid="htds1jq2-fm19" user="Carlos Felipe Roa"/><change uid="htds2ki8-dw3c" user="Carlos Felipe Roa"/><change uid="htdsb7cq-et3m" user="Carlos Felipe Roa"/><change uid="htdunt4c-vkm8" user="Carlos Felipe Roa"/><change uid="htf4cwgn-2nfh" user="Carlos Felipe Roa"/><change uid="htf4wjfa-spmf" user="Carlos Felipe Roa"/></changeHistory>