<?xml version='1.0' encoding='UTF-8' ?>
<timeLogEntries>
  <time id="25" path="/Process Dashboard/ChangeCounter/Ciclo1/Code/Detailed Design" start="@1397054247000" delta="30" flag="A" />
  <time id="26" path="/Process Dashboard/ChangeCounter/Ciclo1/Code/Implementation" start="@1397054328364" delta="270" flag="A" />
  <time id="27" path="/Process Dashboard/ChangeCounter/Ciclo1/Code/Code Review" start="@1397055706866" delta="10" flag="A" />
  <time id="28" flag="D" />
  <time id="23" flag="D" />
  <time id="17" flag="D" />
  <time id="24" flag="D" />
  <time id="10" flag="D" />
  <time id="29" path="/Process Dashboard/ChangeCounter/Ciclo1/Every Week/Product Baseline" start="@1396973818000" delta="60" comment="Se genero el archivo de producto base (lineas de codigo reutilizables)" flag="A" />
  <time id="30" flag="D" />
  <time id="21" flag="D" />
  <time id="18" flag="D" />
  <time id="31" path="/Process Dashboard/ChangeCounter/Ciclo1/Code/UpdateLOGD" start="@1396974033000" delta="10" flag="A" />
  <time id="32" flag="D" />
  <time id="33" path="/Process Dashboard/ChangeCounter/Ciclo1/Code/UpdateLOGT" start="@1396974053000" delta="10" flag="A" />
  <time id="34" flag="D" />
</timeLogEntries>
