<?xml version='1.0' encoding='UTF-8' ?>
<timeLogEntries>
  <time id="47" path="/Process Dashboard/ChangeCounter/Ciclo1/Postmortem/PEER" start="@1397433927000" delta="20" flag="A" />
  <time id="48" flag="D" />
  <time id="49" path="/Process Dashboard/ChangeCounter/Ciclo1/Postmortem/PIP" start="@1397431837000" delta="20" flag="A" />
  <time id="50" flag="D" />
  <time id="51" path="/Process Dashboard/ChangeCounter/Ciclo1/Postmortem/Role Report" start="@1397480761004" delta="10" flag="A" />
  <time id="52" path="/Process Dashboard/ChangeCounter/Ciclo1/Postmortem/Cycle Report" start="@1397433965000" delta="10" flag="A" />
  <time id="53" path="/Process Dashboard/ChangeCounter/Ciclo1/Postmortem/Engineer Report" start="@1397527200000" delta="10" flag="A" />
  <time id="54" path="/Process Dashboard/ChangeCounter/Ciclo1/Every Week/Data reporting" start="@1397480796556" delta="10" flag="A" />
  <time id="55" flag="D" />
  <time id="56" flag="D" />
  <time id="57" flag="D" />
  <time id="58" flag="D" />
  <time id="59" flag="D" />
</timeLogEntries>
