<?xml version='1.0' encoding='UTF-8' ?>
<timeLogEntries>
  <time path="/Process Dashboard/ChangeCounter/Ciclo1/Design/Test Devel&#10;/Process Dashboard/ChangeCounter/Ciclo1/Design/Test Devel (non-WBS)" flag="R" />
  <time id="34" path="/Process Dashboard/ChangeCounter/Ciclo1/Reqts/SRS Baseline" start="@1396411737000" flag="A" />
  <time id="35" flag="D" />
  <time id="36" path="/Process Dashboard/ChangeCounter/Ciclo1/Design/LOGD" start="@1396408209000" delta="10" flag="A" />
  <time id="37" flag="D" />
  <time id="38" path="/Process Dashboard/ChangeCounter/Ciclo1/Code/Unit Test" start="@1396846200000" delta="10" flag="A" />
  <time id="39" path="/Process Dashboard/ChangeCounter/Ciclo1/Code/Unit Test" start="@1397067216224" flag="A" />
  <time id="40" path="/Process Dashboard/ChangeCounter/Ciclo1/Test/Sys Test" start="@1396922400000" delta="10" flag="A" />
  <time id="41" flag="D" />
  <time id="42" flag="D" />
  <time id="43" path="/Process Dashboard/ChangeCounter/Ciclo1/Test/Int Test" start="@1396923291000" delta="5" flag="A" />
  <time id="44" flag="D" />
  <time id="45" path="/Process Dashboard/ChangeCounter/Ciclo1/Test/LOGTEST" start="@1396927214000" delta="10" flag="A" />
  <time id="46" path="/Process Dashboard/ChangeCounter/Ciclo1/Test/User Documentation" start="@1397005204000" delta="20" flag="A" />
</timeLogEntries>
