<?xml version='1.0' encoding='UTF-8' ?>
<timeLogEntries>
  <time id="16" path="/Process Dashboard/ChangeCounter/Ciclo1/Every Week/weekly meeting" start="@1396836962000" delta="60" flag="A" />
  <time id="17" path="/Process Dashboard/ChangeCounter/Ciclo1/Every Week/weekly meeting" start="@1397052995374" flag="A" />
  <time id="18" path="/Process Dashboard/ChangeCounter/Ciclo1/Every Week/Data reporting" start="@1397053001749" delta="70" flag="A" />
  <time id="19" flag="D" />
  <time id="20" path="/Process Dashboard/ChangeCounter/Ciclo1/Documentation/OutLine" start="@1397053121300" flag="A" />
  <time id="21" path="/Process Dashboard/ChangeCounter/Ciclo1/Every Week/Data reporting" start="@1397053249899" delta="40" comment="se genero el formato de estandares de codificación" flag="A" />
  <time id="22" flag="D" />
  <time id="23" path="/Process Dashboard/ChangeCounter/Ciclo1/Every Week/weekly meeting" start="@1397053373443" delta="265" comment="desarrollo " flag="A" />
  <time id="24" path="/Process Dashboard/ChangeCounter/Ciclo1/Every Week/weekly meeting" start="@1397053392827" flag="A" />
</timeLogEntries>
